ff8a8a,127.0.0.1,GET,http://127.0.0.1/symfony-blog/web/app_dev.php/post/test-du-code-snippet,1529436644,,200
331920,127.0.0.1,GET,http://127.0.0.1/symfony-blog/web/app_dev.php/post/test-du-code-snippet,1529436645,,200
dcea42,127.0.0.1,GET,http://127.0.0.1/symfony-blog/web/app_dev.php/post/test-du-code-snippet,1529436692,,200
0ef86b,127.0.0.1,GET,http://127.0.0.1/symfony-blog/web/app_dev.php/post/test-du-code-snippet,1529436694,,200
a09211,127.0.0.1,GET,http://127.0.0.1/symfony-blog/web/app_dev.php/post/test-du-code-snippet,1529436695,,200
f1da84,127.0.0.1,GET,http://127.0.0.1/symfony-blog/web/app_dev.php/post/test-du-code-snippet,1529436704,,200
12d5de,127.0.0.1,GET,http://127.0.0.1/symfony-blog/web/app_dev.php/admin/posts/edit/2,1529436707,,200
bf65b5,127.0.0.1,POST,http://127.0.0.1/symfony-blog/web/app_dev.php/admin/posts/edit/2,1529436727,,302
54a28e,127.0.0.1,GET,http://127.0.0.1/symfony-blog/web/app_dev.php/,1529436727,,200
3a1d6d,127.0.0.1,GET,http://127.0.0.1/symfony-blog/web/app_dev.php/post/test-du-code-snippet,1529436729,,200
